{"cameraMode":{"drawMode":0,"name":"Shaded","section":"Shading Mode"},"sceneLighting":true,"audioPlay":false,"sceneViewState":{"showFog":true,"showMaterialUpdate":false,"showSkybox":true,"showFlares":true,"showImageEffects":true,"showParticleSystems":true},"in2DMode":false,"pivot":{"x":971.63818359375,"y":380.84576416015627,"z":-1569.297119140625},"rotation":{"x":0.11909956485033035,"y":0.1347852647304535,"z":-0.016316689550876619,"w":0.9835869073867798},"size":806.1121215820313,"orthographic":false}